User ID,candidate_field,label,hard_skill,soft_skill
19,accounting,0,"['act', 'application', 'business', 'business process', 'business process management', 'data', 'financial management', 'international laws', 'legislation', 'payroll processing', 'process management', 'resource planning', 'resourcing', 'scheme', 'security', 'service', 'service delivery', 'tax', 'trading']","['leadership', 'management', 'people management', 'planning', 'quality assurance', 'relationship management', 'research', 'team leadership', 'timelines', 'training and development']"
20,accounting,0,"['accounting systems', 'accounts payable', 'accounts receivable', 'business', 'cash management', 'credit control', 'data', 'finance', 'financial accounting', 'financial statements', 'generally accepted accounting principles', 'legislation', 'manufacturing', 'petty cash', 'regulatory requirements', 'risk management']","['business operations', 'information technology', 'leadership', 'management', 'operations', 'planning', 'reliability', 'time management', 'writing']"
21,accounting,0,"['booking', 'business', 'expense reports', 'finance', 'forecasting', 'process management', 'tracking', 'excel']","['agenda', 'communications', 'diplomacy', 'leadership', 'management', 'meeting', 'planning', 'problem solving', 'sourcing']"
22,accounting,0,"['accounting records', 'accounts receivable', 'act', 'application', 'credit control', 'data', 'financial management', 'higher education', 'management systems', 'reconciliation', 'registration', 'security', 'service', 'standard', 'databases', 'excel']","['customer service', 'management', 'personal integrity', 'reliability', 'sorting', 'spreadsheets', 'written communication']"
23,accounting,0,"['automotive', 'automotive industry', 'automotive services', 'budgeting', 'business', 'c', 'cash management', 'digital', 'finance', 'financial planning', 'financial statements', 'forecasting', 'investing', 'refurbishment', 'remuneration', 'scale', 'scheme', 'standard', 'tax', 'tax compliance', 'treasury', 'vehicle', 'excel']","['decision making', 'english', 'infrastructure', 'management', 'planning', 'written communication']"
24,accounting,0,"['advising', 'business', 'development planning', 'employee benefits', 'legislation', 'operational excellence', 'payroll processing', 'payroll systems', 'process improvements', 'service', 'tax', 'excel']","['management', 'microsoft office', 'microsoft outlook', 'people management', 'planning', 'teamwork']"
25,accounting,0,"['account management', 'accounting software', 'accounts payable', 'bookkeeping', 'business', 'inventory', 'legislation', 'manufacturing', 'petty cash', 'private cloud', 'profit and loss', 'receivables', 'reconciliation', 'resource utilization', 'scale', 'tax', 'xero', 'excel']","['business administration', 'hospitality', 'management', 'operations', 'planning']"
26,accounting,0,"['acting', 'balance sheet', 'business', 'cash management', 'digital', 'enforcement', 'eyes', 'finance', 'journals', 'marketing effectiveness', 'media buying', 'media planning', 'mobile', 'quality control', 'scheme', 'thought leadership', 'excel']","['communications', 'leadership', 'management', 'microsoft excel', 'planning']"
27,accounting,0,"['application', 'calculations', 'finance', 'internal controls', 'legislation', 'maternity', 'numeracy', 'payroll systems', 'service', 'standard', 'system', 'tax', 'excel']","['customer service', 'filing', 'management', 'operations', 'spreadsheets']"
28,accounting,0,"['act', 'application', 'collections', 'credit control', 'data', 'hire purchase', 'legislation', 'react', 'relationship building', 'risk management', 'sales', 'security', 'service']","['customer service', 'listening skills', 'management', 'microsoft office', 'written communication']"
29,accounting,0,"['advising', 'advisory work', 'bullet', 'business', 'calculations', 'corporate tax', 'cta', 'global mobility', 'international taxation', 'mobile', 'mobility', 'permanent establishment', 'remuneration', 'security', 'service', 'social security', 'standard', 'tax', 'tax accounting', 'databases']","['computer literacy', 'diplomacy', 'english', 'english language', 'literacy', 'negotiation', 'non-verbal communication', 'operations', 'problem solving', 'writing']"
30,accounting,0,"['acting', 'balance sheet', 'business', 'business case', 'business partnering', 'commercial finance', 'finance', 'financial accounting', 'financial management', 'forecasting', 'pbt', 'performance analysis', 'procurement', 'registration', 'track', 'tracking', 'variance analysis']","['delivery focused', 'enthusiasm', 'innovation', 'management', 'numbers', 'operations', 'planning', 'self starter']"
31,accounting,0,"['auditing', 'business', 'data', 'data analysis', 'draft', 'less', 'networking', 'relationship building', 'risk control', 'risk management', 'tests', 'track']","['adaptability', 'coordinating', 'governance', 'management', 'negotiation', 'planning', 'proactivity', 'verbal communication skills']"
32,accounting,0,"['audit planning', 'draft', 'financial services', 'iia', 'manufacturing', 'operational systems', 'service', 'technical audit']","['enthusiasm', 'governance', 'leadership', 'management', 'planning', 'self-motivation', 'teamwork', 'training and development']"
33,accounting,0,"['business', 'ethics and compliance', 'project management']","['consulting', 'governance', 'influencing skills', 'leadership', 'management', 'presentations', 'quality assurance', 'writing']"
34,accounting,0,"['business', 'closing', 'consolidation', 'data', 'economics', 'erm', 'finance', 'financial accounting', 'general ledger', 'mitigation', 'process improvements', 'project management', 'sap project management', 'service', 'service level', 'excel']","['consulting', 'english', 'english language', 'integration', 'management', 'meeting', 'negotiation']"
35,accounting,0,"['application', 'application development', 'business', 'business development', 'cost reduction', 'due diligence', 'enterprise architecture', 'professional services', 'reduction', 'restructuring', 'service', 'service delivery', 'systems integration', 'tracking']","['consulting', 'governance', 'integration', 'operations', 'planning', 'presentations', 'verbal communication skills']"
36,accounting,0,"['application', 'business', 'finance', 'information systems', 'project management', 'scale', 'security', 'service', 'service level', 'sustainability', 'track']","['collaboration', 'decision making', 'diplomacy', 'management', 'operations', 'problem solving', 'real estate']"
37,accounting,0,"['academic achievement', 'budgeting', 'business', 'commercial finance', 'consolidation', 'finance', 'financial analysis', 'forecasting', 'hospitality industry', 'modelling skills', 'project management', 'statutory accounts', 'system', 'track', 'excel', 'modelling']","['curiosity', 'governance', 'hospitality', 'leadership', 'management', 'operations']"
38,accounting,0,"['application', 'business', 'consolidation', 'corporate social responsibility', 'data', 'data collection', 'finance', 'forecasting', 'income statement', 'maternity', 'performance analysis', 'system', 'track', 'excel', 'modelling']","['collaboration', 'communications', 'cooperation', 'decision making', 'management', 'planning']"
39,accounting,0,"['agriculture', 'analytics', 'application', 'breads', 'budgeting', 'business', 'business development', 'consolidation', 'data', 'erp', 'finance', 'foods', 'forecasting', 'information systems', 'stakeholder management', 'modelling']","['accountability', 'collaboration', 'coordinating', 'decision making', 'governance', 'leadership', 'management', 'operations', 'planning', 'verbal communication skills', 'writing']"
40,accounting,0,"['application', 'business', 'cash flow management', 'corporate finance', 'erp', 'finance', 'financial accounting', 'financial planning', 'financial services', 'financial statements', 'go', 'higher education', 'internal controls', 'procurement', 'strategic procurement', 'system', 'excel']","['coordinating', 'governance', 'innovation', 'leadership', 'management', 'microsoft excel', 'microsoft office', 'operations', 'planning', 'spreadsheet']"
41,accounting,0,"['application', 'budgeting', 'business', 'finance', 'financial analysis', 'financial management', 'forecasting', 'general ledger', 'professional services', 'receivables', 'sales', 'treasury', 'xero', 'excel', 'salesforce']","['creativity', 'enthusiasm', 'governance', 'leadership', 'management', 'microsoft excel', 'microsoft office', 'organizational skills', 'planning', 'research']"
42,accounting,0,"['business', 'career development', 'control framework', 'diversity and inclusion', 'finance', 'financial accounting', 'financial services', 'general insurance', 'reinsurance', 'remuneration', 'testing', 'track']","['accountability', 'adaptability', 'governance', 'innovation', 'management', 'operations', 'people management', 'planning', 'self-motivation', 'team management']"
43,accounting,0,"['auditing', 'business', 'direct connect', 'finance', 'project management', 'renewable energy', 'scheme', 'system']","['business acumen', 'governance', 'influencing skills', 'innovation', 'management', 'negotiation', 'people management', 'planning', 'resilience', 'teaching']"
44,accounting,0,"['act', 'analytics', 'finance', 'legislation', 'registration', 'risk management']","['governance', 'innovation', 'leadership', 'management', 'negotiation', 'operations', 'problem solving', 'quality assurance', 'research', 'teaching']"
45,accounting,0,"['budgeting', 'business', 'business partnering', 'customer experience', 'economics', 'erp', 'fashion retail', 'finance', 'financial analysis', 'forecasting', 'investing', 'kpis', 'modelling skills', 'performance analysis', 'perspective', 'sales', 'sales planning', 'salesforcecom', 'standard', 'excel', 'modelling']","['decision making', 'leadership', 'management', 'microsoft office', 'operations', 'planning', 'problem solving', 'research', 'self confident']"
46,accounting,0,"['business', 'entrepreneurship', 'finance', 'less', 'process improvements', 'professional services', 'project management', 'service', 'standard', 'technical accounting']","['innovation', 'integration', 'management', 'presentations', 'problem solving', 'research', 'timelines', 'verbal communication skills', 'writing']"
47,accounting,0,"['business', 'entrepreneurship', 'finance', 'less', 'process improvements', 'professional services', 'project management', 'service', 'switch', 'technical accounting']","['consulting', 'enthusiasm', 'innovation', 'integration', 'management', 'problem solving', 'research', 'verbal communication skills', 'writing']"
48,accounting,0,"['business', 'business priorities', 'chargeback', 'data', 'excel']","['computer literacy', 'data entry', 'grammar', 'literacy', 'management', 'microsoft office', 'relationship management', 'time management', 'timelines']"
49,administration & office support,0,"['business', 'career development', 'manufacturing', 'occupational health', 'plumbing', 'sales', 'scheme', 'service']","['business acumen', 'computer literacy', 'coordinating', 'customer service', 'innovation', 'leadership', 'literacy', 'management', 'microsoft office', 'operations', 'planning', 'problem solving', 'scheduling', 'teamwork', 'time management', 'troubleshooting']"
50,administration & office support,0,"['act', 'acting', 'business', 'closing', 'google calendar', 'google drive', 'multitasking', 'office management', 'onboarding', 'phase', 'scale', 'slack', 'standard', 'testing', 'excel']","['agenda', 'coordinating', 'diplomacy', 'english', 'management', 'meeting', 'microsoft word', 'operations', 'organizational skills', 'presentations', 'research', 'scheduling', 'self-motivation', 'time management', 'written communication']"
51,administration & office support,0,"['application', 'business', 'data', 'go', 'graphic design', 'interior design', 'intranet', 'office management', 'project management', 'reviewing applications', 'sales', 'service', 'social media content', 'system', 'yoga']","['coordinating', 'data entry', 'editing', 'filing', 'innovation', 'leadership', 'management', 'meeting', 'numbers', 'operations', 'scheduling', 'social media', 'typing', 'writing']"
52,administration & office support,0,"['business', 'computers', 'event management', 'records management', 'sailing', 'scouting', 'service', 'excel']","['confident communicator', 'filing', 'leadership', 'leadership development', 'management', 'meeting', 'microsoft office', 'negotiation', 'preparedness', 'reliability', 'time management', 'trustworthiness', 'written communication']"
53,administration & office support,0,"['adobe indesign', 'application', 'bidding', 'business', 'business development', 'journalism', 'knowledge management', 'management process', 'management systems', 'management training', 'marketing communications', 'presentation training', 'professional services', 'raci matrix', 'transportation', 'excel']","['communications', 'consulting', 'coordinating', 'curiosity', 'infrastructure', 'leadership', 'management', 'microsoft word', 'negotiation', 'scheduling', 'time management', 'writing']"
54,administration & office support,0,"['business', 'office management', 'stakeholder management', 'task management', 'excel']","['business operations', 'communications', 'coordinating', 'management', 'meeting', 'microsoft word', 'operations', 'planning', 'presentations', 'professionalism', 'scheduling', 'written communication']"
55,administration & office support,0,"['billing', 'business', 'communication strategies', 'compliance requirements', 'credit management', 'data', 'dispute resolution', 'electricity', 'indicators', 'inventory', 'inventory management', 'key performance indicators', 'relationship building', 'sales', 'service', 'system', 'excel']","['customer service', 'data entry', 'investigation', 'lateral thinking', 'management', 'operations', 'problem solving', 'quality assurance', 'research', 'time management', 'verbal communication skills']"
56,administration & office support,0,"['balance sheet', 'business', 'document management', 'document retrieval', 'economy', 'investing', 'online databases', 'private equity', 'reconciliation', 'service', 'system', 'tracking', 'databases', 'excel']","['creativity', 'english', 'filing', 'grammar', 'infrastructure', 'management', 'microsoft office', 'operations', 'real estate', 'typing', 'willingness to learn']"
57,administration & office support,0,"['business', 'corporate services', 'crm', 'electronic filing system', 'finance', 'financial services', 'greeting guests', 'international business', 'marketing materials', 'sales', 'system', 'system dynamics', 'travel coordination']","['collaboration', 'coordinating', 'filing', 'innovation', 'leadership', 'management', 'microsoft office', 'organizational skills', 'scheduling', 'social media', 'verbal communication skills']"
58,"advertising, arts & media",0,"['account management', 'appraisals', 'business', 'business requirements', 'finance', 'financial software', 'kpis', 'project planning', 'risk management', 'values education', 'excel']","['accountability', 'business acumen', 'composure', 'dealing with ambiguity', 'empathy', 'enthusiasm', 'listening skills', 'management', 'microsoft office', 'negotiation', 'organizational skills', 'planning', 'scheduling', 'verbal communication skills', 'willingness to learn']"
59,"advertising, arts & media",0,"['analytics', 'cms', 'digital', 'headline writing', 'image editing', 'journalism', 'mobile', 'sport', 'track', 'video editing']","['agenda', 'collaboration', 'editing', 'filing', 'integration', 'management', 'meeting', 'social media', 'sourcing', 'time management', 'writing']"
60,"advertising, arts & media",0,"['business', 'digital', 'digital media', 'landscape', 'networking', 'project management', 'relationship building', 'scale', 'target audience']","['brainstorming', 'collaboration', 'communications', 'creativity', 'enthusiasm', 'management', 'planning', 'problem solving', 'time management', 'willingness to learn']"
61,"advertising, arts & media",0,"['business', 'communication strategies', 'event management', 'idea generation', 'investing', 'landscape', 'marketing communications', 'press releases', 'project management', 'public relations', 'storytelling', 'track']","['brainstorming', 'communications', 'enthusiasm', 'ideation', 'management', 'research', 'social media', 'writing', 'written communication']"
62,"advertising, arts & media",0,"['business', 'content management', 'digital', 'editor-in-chief', 'imagine', 'journalism', 'multimedia', 'publishing']","['coordinating', 'english', 'english language', 'innovation', 'leadership', 'management', 'operations', 'planning', 'social media']"
63,"advertising, arts & media",0,"['brand positioning', 'business', 'communication strategies', 'corporate communications', 'crisis management', 'event management', 'idea generation', 'investing', 'landscape', 'media relations', 'positioning', 'press releases', 'professional services', 'project management', 'public relations', 'technology education', 'track']","['brainstorming', 'communications', 'enthusiasm', 'ideation', 'management', 'research', 'writing', 'written communication']"
64,"advertising, arts & media",0,"['account management', 'content development', 'copywriting', 'creative strategies', 'digital', 'digital marketing', 'media monitoring', 'performance analysis', 'social advertising', 'social media campaigns', 'social media marketing', 'social networks', 'testing']","['brainstorming', 'communications', 'english', 'english language', 'management', 'social media', 'team building', 'time management']"
65,"advertising, arts & media",0,"['data', 'data processing', 'go', 'installation', 'material']","['enthusiasm', 'influencing skills', 'leadership', 'management', 'negotiation', 'people management', 'planning', 'self-motivation']"
66,"advertising, arts & media",0,"['advertising campaigns', 'analytics', 'application', 'business', 'data', 'data management', 'digital', 'digital advertising', 'digital marketing', 'digital media', 'facebook ads', 'forecasting', 'go', 'google analytics', 'html', 'inventory', 'investing', 'management systems', 'mobile', 'sales', 'service', 'stakeholder management', 'tag management', 'trading', 'yoga', 'salesforce']","['management', 'operations', 'real estate', 'social media', 'time management', 'timelines', 'troubleshooting']"
67,"advertising, arts & media",0,"['analytics', 'application', 'brand awareness', 'content creation', 'copywriting', 'crm', 'customer experience', 'data', 'digital', 'digital assets', 'digital content', 'digital marketing', 'display advertising', 'email marketing', 'graphic design', 'html', 'media management', 'mobile', 'mobile marketing', 'public transport', 'social media management', 'track', 'tracking', 'video editing']","['editing', 'integration', 'management', 'microsoft office', 'punctuality', 'reliability', 'social media']"
68,healthcare & medical,0,"['act', 'application', 'clinical leadership', 'continuous quality improvement', 'dementia care', 'legislation', 'link 4', 'nursing', 'quality improvement', 'registration', 'respite care']","['accountability', 'coordinating', 'critical thinking', 'empathy', 'leadership', 'management', 'meeting', 'time management', 'written communication']"
69,healthcare & medical,0,"['act', 'application', 'community health', 'conflict resolution', 'disease management', 'information management', 'management systems', 'nursing', 'registration', 'system', 'tax']","['computer literacy', 'diplomacy', 'innovation', 'leadership', 'literacy', 'management', 'negotiation', 'problem solving', 'spreadsheets']"
70,healthcare & medical,0,"['clinical governance', 'continuous quality improvement', 'diversification', 'legislation', 'mental health', 'nursing', 'quality improvement', 'registration', 'service', 'service delivery']","['coordinating', 'decision making', 'governance', 'innovation', 'leadership', 'management', 'operations', 'planning', 'written communication']"
71,healthcare & medical,0,"['application', 'data', 'mental health', 'patient assessment', 'rehabilitation', 'service', 'service management', 'transcranial magnetic stimulation', 'working with children']","['computer literacy', 'coordinating', 'innovation', 'leadership', 'literacy', 'management', 'microsoft word', 'research', 'teaching']"
72,healthcare & medical,0,"['application', 'business', 'closing', 'critical care', 'nursing', 'patient assessment', 'registration', 'service', 'sustainability']","['computer literacy', 'literacy', 'management', 'negotiation', 'personal integrity', 'problem solving', 'self-motivation', 'time management', 'verbal communication skills']"
73,healthcare & medical,0,"['act', 'career development', 'closing', 'nursing', 'service', 'standard']","['compassion', 'customer service', 'decision making', 'empathy', 'first aid', 'leadership', 'management', 'time management', 'verbal communication skills']"
74,healthcare & medical,0,"['acting', 'cash handling', 'data', 'medical', 'standard']","['computer literacy', 'data entry', 'filing', 'literacy', 'management', 'resilience', 'scheduling', 'time management', 'written communication']"
75,healthcare & medical,0,"['acute care', 'change management', 'client services', 'clinical governance', 'community health', 'diving', 'financial management', 'lvl', 'management systems', 'midwifery', 'nursing', 'quality improvement', 'registration', 'remuneration', 'requisition', 'service', 'service delivery', 'service management', 'staff management', 'standard', 'testing']","['accountability', 'computer literacy', 'governance', 'leadership', 'literacy', 'management', 'swimming', 'verbal communication skills']"
76,healthcare & medical,0,"['application', 'audit schedules', 'business', 'care planning', 'continuous quality improvement', 'cqi', 'data', 'education program', 'food safety', 'incident management', 'indicators', 'infection', 'infection control', 'medical', 'needs analysis', 'nursing', 'project planning', 'quality improvement', 'system', 'track']","['agenda', 'coordinating', 'leadership', 'management', 'meeting', 'planning', 'quality assurance', 'team leadership']"
77,healthcare & medical,0,"['application', 'business', 'case management', 'clinical psychology', 'development support', 'employee benefits', 'fatigue', 'mediation', 'mental health', 'new product development', 'performance management', 'project management', 'psychology', 'sales', 'service', 'service delivery', 'track', 'travel insurance', 'workforce optimisation']","['collaboration', 'consulting', 'innovation', 'leadership', 'management', 'presentations', 'resilience', 'writing']"
78,healthcare & medical,0,"['accounts payable', 'act', 'billing', 'booking', 'business', 'continuous quality improvement', 'data', 'front office', 'healthcare services', 'information systems', 'medical', 'medicare', 'practice management', 'quality improvement', 'service']","['customer service', 'data entry', 'filing', 'leadership', 'management', 'operations', 'problem solving', 'scheduling']"
79,healthcare & medical,0,"['application', 'c', 'corporate services', 'data', 'data visualization', 'lvl', 'performance measurement', 'performance reporting', 'positioning', 'public health', 'remuneration', 'requisition', 'staff management', 'system', 'visualization']","['accountability', 'collaboration', 'management', 'negotiation', 'planning', 'research', 'writing', 'written communication']"
80,healthcare & medical,0,"['application', 'business', 'cash handling', 'dietetics', 'eftpos', 'exercise physiology', 'medical', 'medicare', 'nursing', 'physiology', 'practice management', 'practice management software', 'psychology', 'reconciliation', 'remuneration']","['business operations', 'coordinating', 'innovation', 'leadership', 'management', 'operations', 'research', 'time management']"
81,recruitment consultancy jobs,0,"['applicant tracking systems', 'aviation', 'dashboard', 'electronics', 'employee performance management', 'employee relations', 'hris', 'job descriptions', 'legislation', 'performance management', 'service', 'standard', 'taleo', 'tracking', 'tracking systems', 'vendor management', 'workday', 'excel']","['consulting', 'investigation', 'management', 'negotiation', 'operations', 'planning', 'problem solving', 'research', 'self-motivation', 'sourcing', 'time management', 'training and development']"
82,recruitment consultancy jobs,0,"['adhoc queries', 'benefits administration', 'broadband', 'business', 'data', 'data maintenance', 'development testing', 'erp', 'finance', 'generally accepted accounting principles', 'indicators', 'internet of things', 'key performance indicators', 'net', 'payroll practices', 'payroll processing', 'process improvements', 'reconciliation', 'reporting tools', 'security', 'service', 'standard', 'system', 'testing']","['customer service', 'integration', 'management', 'microsoft office', 'numbers', 'operations', 'scheduling', 'team building', 'team oriented', 'time management']"
83,recruitment consultancy jobs,0,"['account development', 'account growth', 'business', 'client services', 'customer satisfaction', 'data', 'dso', 'gross margin', 'procurement', 'sales', 'service', 'service management', 'service review', 'stakeholder engagement', 'supply chain', 'track', 'working capital']","['communications', 'innovation', 'leadership', 'leadership development', 'management', 'meeting', 'negotiation', 'operations', 'people management', 'relationship management']"
84,recruitment consultancy jobs,0,"['act', 'application', 'business', 'business priorities', 'forecasting', 'installation', 'less', 'perm', 'perspective', 'recruitment strategies', 'resourcing', 'scheme', 'workforce planning']","['agenda', 'communications', 'delivery focused', 'management', 'people management', 'planning', 'research', 'social media', 'sourcing', 'virtual teams']"
85,recruitment consultancy jobs,0,"['applicant tracking systems', 'aviation', 'dashboard', 'electronics', 'employee performance management', 'employee relations', 'hris', 'job descriptions', 'legislation', 'performance management', 'service', 'standard', 'taleo', 'tracking', 'tracking systems', 'vendor management', 'workday', 'excel']","['consulting', 'investigation', 'management', 'operations', 'planning', 'research', 'sourcing', 'time management', 'training and development']"
86,recruitment consultancy jobs,0,"['calculations', 'case management', 'computer systems', 'data', 'digital', 'draft', 'information systems', 'medical', 'numeracy', 'occupational health', 'probation', 'proportion', 'service', 'standard', 'system', 'databases', 'excel']","['customer service', 'leadership', 'literacy', 'management', 'microsoft word', 'operations', 'research', 'willingness to learn', 'writing']"
87,recruitment consultancy jobs,0,"['application', 'due diligence', 'emotional intelligence', 'go', 'networking', 'quality control', 'service', 'standard']","['accountability', 'customer service', 'enthusiasm', 'management', 'microsoft office', 'proactivity', 'problem solving', 'time management', 'troubleshooting']"
88,recruitment consultancy jobs,0,"['act', 'automation', 'business', 'cash management', 'content development', 'content management', 'customer experience', 'data', 'data analysis', 'data manipulation', 'employee engagement', 'material', 'performance management', 'perspective', 'process engineering', 'project management', 'recruitment metrics', 'reduction', 'succession planning', 'system', 'technology solutions', 'tracking', 'transformation', 'value creation', 'excel']","['collaboration', 'communications', 'management', 'planning', 'research', 'scheduling', 'time management', 'writing']"
89,recruitment consultancy jobs,0,"['acting', 'applicant tracking system', 'benchmarking', 'business', 'closing', 'corporate social responsibility', 'data', 'data management', 'employee relations', 'human capital', 'indicators', 'key performance indicators', 'performance management', 'resourcing', 'sales', 'system', 'talent management', 'track', 'tracking', 'trading']","['active listening', 'collaboration', 'listening skills', 'management', 'research', 'social media', 'team building', 'training and development']"
90,recruitment consultancy jobs,0,"['business', 'business continuity', 'calculations', 'data', 'data maintenance', 'draft', 'employee relations', 'job descriptions', 'legislation', 'logging', 'maternity', 'office procedures', 'onboarding', 'performance management', 'probation', 'professional services', 'registration', 'system', 'excel']","['data entry', 'filing', 'management', 'planning', 'research', 'training and development', 'typing', 'writing']"
91,recruitment consultancy jobs,0,"['budgeting', 'business', 'business strategies', 'change management', 'data', 'data analysis', 'employee engagement', 'information systems', 'legislation', 'mobility', 'onboarding', 'performance management', 'professional services', 'track', 'workforce planning', 'excel']","['accountability', 'agenda', 'decision making', 'diplomacy', 'influencing skills', 'management', 'negotiation', 'planning']"
92,recruitment consultancy jobs,0,"['act', 'business', 'data', 'development programmes', 'employee relations', 'manufacturing', 'mediation', 'medical', 'mobile', 'performance management', 'service', 'talent management']","['agenda', 'cooperation', 'customer service', 'filing', 'leadership', 'management', 'relationship management', 'training and development']"
1,it jobs,1,"['3gpp', 'abap', 'alm', 'alteryx', 'billing', 'bugzilla', 'business', 'c', 'com', 'crm', 'data', 'data modeling', 'digital', 'e', 'eclipse', 'emulators', 'erwin', 'etl', 'filezilla', 'html', 'ibm infosphere', 'ibm infosphere datastage', 'informatica', 'iperf', 'it risk management', 'it security architecture', 'jenkins', 'jira', 'job scheduling', 'json', 'linux', 'lte', 'management systems', 'mapping', 'matlab', 'mysql', 'net', 'netezza', 'network management', 'network troubleshooting', 'nosql', 'oop', 'opera', 'oracle', 'os', 'oscilloscope', 'perl', 'pl sql', 'profiling', 'prototype', 'puppet', 'qlikview', 'rational robot', 'research design', 'risk management', 'sap hana', 'sap netweaver', 'sas', 'security', 'server', 'service', 'snagit', 'soapui', 'spectrum analyzer', 'splunk', 'sql', 'sql pl', 'sql plus', 'sql server integration services', 'star schema', 'system', 'system testing', 'tableau', 'taleo', 'tcp', 'tcp ip', 'teradata sql', 'test data', 'testing', 'tests', 'text mining', 'umts', 'unix', 'windows', 'wireshark', 'xml', 'excel', 'modelling']","['integration', 'investigation', 'management', 'microsoft office', 'research', 'scheduling', 'telecommuting', 'troubleshooting']"
2,it jobs,1,"['ajax', 'amazon web services', 'ansible', 'application', 'application development', 'artifactory', 'automation', 'bash', 'business', 'c', 'category development', 'centos', 'circuit breakers', 'computing', 'configuration management', 'configuration management tool', 'containerization', 'css', 'data', 'data extraction', 'devops', 'dhcp', 'digital', 'digital transformation', 'disabilities', 'docker', 'dotnet', 'elasticsearch', 'employment compliance', 'git', 'google cloud', 'html', 'infrastructure as code', 'java', 'jenkins', 'jira', 'json', 'kerberos', 'kibana', 'linux', 'linux administration', 'logstash', 'medical', 'microservices', 'microsoft azure', 'military', 'msbuild', 'nas', 'networking', 'oauth', 'public cloud', 'puppet', 'release engineering', 'requisition', 'saml', 'san', 'scripting', 'scripting language', 'security', 'server', 'server administration', 'service', 'slack', 'soap', 'software development', 'sonarqube', 'sql', 'subnetting', 'system', 'system software', 'tcp', 'tcp ip', 'terraform', 'testing', 'testing framework', 'tests', 'transformation', 'unit testing', 'unit testing framework', 'version control', 'web services', 'windows', 'xml', 'xslt', 'xunit', 'aws', 'azure']","['infrastructure', 'investigation', 'management', 'problem solving', 'troubleshooting']"
3,it jobs,1,"['adobe creative suite', 'agile software development', 'algorithm design', 'analytics', 'android', 'big data', 'business', 'c', 'code reuse', 'communications security', 'configuration management', 'css', 'data', 'data mining', 'data retrieval', 'data visualization', 'design specifications', 'development environment', 'devops', 'docker', 'dotnet', 'elasticsearch', 'electronic warfare', 'etl', 'extract transform load', 'genetics', 'graphical', 'graphical user interface', 'hive', 'html', 'html5', 'ios', 'java', 'javascript', 'jira', 'json', 'knowledge discovery', 'linux', 'machine learning', 'mapreduce', 'medical', 'mobile', 'mysql', 'named entity recognition', 'natural language processing', 'nosql', 'operating systems', 'oracle', 'os', 'parsing', 'perl', 'pl sql', 'python', 'redmine', 'relational databases', 'ruby', 'scale', 'scripting', 'security', 'server', 'signals intelligence', 'soap', 'software development', 'sql', 'statistics', 'swift', 'system', 'tableau', 'testing', 'text processing', 'tracking', 'unix', 'user interface', 'visualization', 'web services', 'windows', 'xml', 'databases', 'hbase']","['communications', 'management', 'operations', 'teamwork', 'writing']"
4,it jobs,1,"['android', 'android sdk', 'angular', 'application', 'authorization', 'automation', 'batch processing', 'build automation', 'business', 'business software', 'configuration management', 'conflict resolution', 'cucumber', 'data', 'data acquisition', 'database design', 'debugging', 'development support', 'digital', 'digital data', 'disabilities', 'docker', 'etl', 'extract transform load', 'extreme programming', 'federal laws', 'gatling', 'git', 'gitlab', 'gradle', 'hibernate', 'installshield', 'j2ee', 'java', 'javascript', 'junit', 'jwt', 'kotlin', 'manufacturing', 'mapping', 'material', 'material requirements planning', 'medical', 'mobile', 'multidisciplinary research', 'openid', 'oracle', 'parsing', 'preventive care', 'quality management', 'quasar', 'security', 'service', 'software configuration management', 'software development', 'software engineering', 'software quality', 'software quality management', 'spring boot', 'spring data', 'spring integration', 'spring security', 'stockpile', 'substance abuse', 'system', 'testing', 'tests', 'tracking', 'typescript', 'ui', 'version control', 'version control system', 'vuejs', 'windows', 'windows presentation foundation']","['communications', 'consulting', 'infrastructure', 'innovation', 'integration', 'investigation', 'management', 'meeting', 'planning', 'problem solving', 'reliability', 'research', 'troubleshooting', 'writing']"
5,it jobs,1,"['ajax', 'application', 'automation', 'business', 'business systems', 'case tools', 'com', 'config files', 'connection pooling', 'control systems', 'css', 'customer experience', 'customer support', 'device', 'dotnet', 'engines', 'erp', 'exception handling', 'file io', 'full stack', 'git', 'his', 'html', 'ide', 'iiot', 'indexing', 'instrumentation', 'integrated design', 'javascript', 'jquery', 'json', 'less', 'manufacturing', 'mes', 'microsoft access', 'middleware', 'oracle', 'parsing', 'process design', 'programmable logic controllers', 'project estimation', 'project planning', 'protocol', 'query optimization', 'resource utilization', 'root cause analysis', 'scada', 'scalability', 'scale', 'scripting', 'server', 'software design', 'software design patterns', 'software development', 'solution architecture', 'sql', 'sql server management studio', 'standards-compliant', 'streamlines', 'syntax', 'system', 'systems integration', 'testing', 'tests', 'threading', 'throughput', 'triage', 'ui', 'unit testing', 'version control', 'web services', 'workflows', 'xml', 'xslt', 'excel']","['communications', 'consulting', 'diagnostic skills', 'infrastructure', 'integration', 'leadership', 'management', 'planning', 'reliability', 'research', 'troubleshooting', 'writing']"
6,it jobs,1,"['agile methodology', 'ajax', 'analytics', 'api', 'api management', 'apigee', 'application', 'application development', 'bigquery', 'business', 'business development', 'business intelligence', 'business strategies', 'chef', 'cloud infrastructure', 'computer programming', 'content management', 'continuous integration', 'data', 'data integration', 'data management', 'data warehousing', 'docker', 'dotnet', 'emerging technologies', 'enterprise architecture', 'enterprise search', 'entity framework', 'financial management', 'git', 'google cloud', 'google cloud platform', 'html5', 'informatica', 'jenkins', 'jquery', 'json', 'junit', 'kubernetes', 'master data management', 'microstrategy', 'mongodb', 'mysql', 'nodejs', 'nosql', 'nunit', 'openapi', 'openshift', 'oracle', 'postgresql', 'puppet', 'python', 'scrum', 'security', 'server', 'service', 'soap', 'software design', 'software design patterns', 'software development', 'sql', 'ssis', 'tableau', 'tax', 'testing', 'unit testing', 'warehousing', 'web application', 'web application development', 'web services', 'workflows', 'xml', 'aws', 'azure', 'databases']","['consulting', 'information technology', 'infrastructure', 'integration', 'management', 'research', 'technical acumen']"
7,it jobs,1,"['agile methodology', 'ajax', 'analytics', 'api', 'api management', 'apigee', 'application', 'application development', 'bigquery', 'business', 'business development', 'business intelligence', 'business strategies', 'chef', 'cloud infrastructure', 'computer programming', 'content management', 'continuous integration', 'data', 'data integration', 'data management', 'data warehousing', 'docker', 'dotnet', 'emerging technologies', 'enterprise architecture', 'enterprise search', 'entity framework', 'financial management', 'git', 'google cloud', 'google cloud platform', 'html5', 'informatica', 'jenkins', 'jquery', 'json', 'junit', 'kubernetes', 'master data management', 'microstrategy', 'mongodb', 'mysql', 'nodejs', 'nosql', 'nunit', 'openapi', 'openshift', 'oracle', 'postgresql', 'puppet', 'python', 'scrum', 'security', 'server', 'service', 'soap', 'software design', 'software design patterns', 'software development', 'sql', 'ssis', 'tableau', 'testing', 'unit testing', 'warehousing', 'web application', 'web application development', 'web services', 'workflows', 'xml', 'aws', 'azure', 'databases']","['consulting', 'information technology', 'infrastructure', 'integration', 'management', 'research', 'technical acumen']"
8,it jobs,1,"['algorithm design', 'apache spark', 'application', 'application development', 'business', 'business case', 'business logic', 'complexity', 'continuous integration', 'css', 'data', 'data recording', 'data structures', 'database systems', 'devops', 'digital', 'digital transformation', 'disabilities', 'equities', 'fabrication', 'fault', 'fault tolerance', 'full stack', 'git', 'html', 'java', 'javascript', 'jquery', 'json', 'linux', 'multithreading', 'mysql', 'networking', 'nodejs', 'nosql', 'object-oriented design', 'operating system', 'operational excellence', 'oracle', 'performance analysis', 'profiling', 'query optimization', 'reactjs', 'refining', 'research and development', 'scalability', 'scale', 'scrum', 'server', 'server-side', 'soap', 'software design', 'software development', 'software testing', 'sport', 'sql', 'storage systems', 'system', 'system configuration', 'systems development', 'testing', 'tests', 'track', 'tracking', 'trading', 'transformation', 'ui', 'unstructured data', 'version control', 'web application', 'web application development', 'web services', 'xml']","['collaboration', 'decision making', 'innovation', 'integration', 'management', 'memory', 'planning', 'problem solving', 'research', 'writing']"
9,it jobs,1,"['agility', 'angular', 'ansible', 'application', 'automation', 'back-end', 'bash', 'business', 'business requirements', 'chef', 'cloud applications', 'cloud computing', 'computer engineering', 'computing', 'configuration management', 'continuous integration', 'crm', 'css', 'data', 'data processing', 'debugging', 'development environment', 'django', 'e-commerce', 'enterprise resource planning', 'fault', 'fault tolerance', 'go', 'html', 'j2ee', 'java', 'jenkins', 'jquery', 'jvm', 'linux', 'microservices', 'modularization', 'mongodb', 'nodejs', 'nosql', 'openapi', 'operationalization', 'oracle', 'performance analysis', 'performance tuning', 'perl', 'postgresql', 'profiling', 'public cloud', 'puppet', 'python', 'resource planning', 'saas', 'scala', 'scalability', 'scale', 'scripting', 'security', 'server', 'service', 'spring boot', 'spring cloud', 'spring data', 'spring security', 'sql', 'statistics', 'terraform', 'threading', 'unix', 'workflows', 'aws', 'azure']","['innovation', 'integration', 'management', 'operations', 'planning', 'troubleshooting']"
198,it jobs,1,"['agile project management', 'amazon web services', 'analytics', 'application', 'application development', 'automation', 'big data', 'business', 'business concepts', 'business intelligence', 'business planning', 'business priorities', 'business requirements', 'cloud computing', 'cloud infrastructure', 'computing', 'containerization', 'continuous delivery', 'cost benefit analysis', 'data', 'data engineering', 'data pipeline', 'data security', 'database development', 'development testing', 'docker', 'emerging technologies', 'etl', 'etl tools', 'gcp', 'git', 'greenplum', 'informatica', 'intelligence analysis', 'java', 'jira', 'kubernetes', 'licensing', 'mapreduce', 'metadata', 'microservices', 'microstrategy', 'mongodb', 'netezza', 'nosql', 'oracle', 'project management', 'public cloud', 'reporting software', 'requirements analysis', 'security', 'server', 'service', 'tableau', 'talend', 'tdd', 'technical debt', 'testing', 'thought leadership', 'track', 'version control', 'web services', 'aws', 'azure', 'hbase']","['active listening', 'decision making', 'governance', 'infrastructure', 'innovation', 'integration', 'leadership', 'management', 'operations', 'planning', 'problem solving', 'program management', 'verbal communication skills']"
199,it jobs,1,"['application', 'application development', 'arcgis', 'arcobjects', 'bargaining', 'business', 'business intelligence', 'business priorities', 'business process', 'business systems', 'change control', 'closing', 'collective bargaining', 'computer hardware', 'computing', 'control systems', 'crystal reports', 'css', 'data', 'data analysis', 'data conversion', 'data modeling', 'database administration', 'database design', 'electric utility', 'electricity', 'energy market', 'git', 'html', 'installation', 'java', 'javascript', 'job descriptions', 'json', 'landscape', 'magik', 'maternity', 'medical', 'middleware', 'mobile', 'networking', 'operating systems', 'oracle', 'project planning', 'python', 'reporting tools', 'server', 'service', 'software development', 'software engineering', 'software installation', 'software requirements', 'software systems', 'sql', 'system', 'system support', 'tableau', 'team foundation server', 'technical documentation', 'technology integration', 'testing', 'transportation', 'version control', 'xml', 'excel']","['customer service', 'infrastructure', 'integration', 'leadership', 'management', 'organizational skills', 'planning', 'time management', 'troubleshooting', 'writing', 'written communication']"
200,it jobs,1,"['accounting software', 'accounts payable', 'accounts receivable', 'act', 'application', 'application development', 'bash', 'billing', 'budgeting', 'business', 'calculations', 'closing', 'construction management', 'contract management', 'css', 'data', 'data processing', 'data processing systems', 'department of defense', 'disabilities', 'dotnet', 'encapsulation', 'erp', 'finance', 'financial management', 'financial systems', 'general ledger', 'graphical', 'html', 'information assurance', 'information systems', 'information technology management', 'interoperability', 'java', 'javascript', 'less', 'linux', 'middleware', 'military', 'misdemeanor', 'net', 'operating system', 'oracle', 'perl', 'pl sql', 'scripting', 'security', 'server', 'service', 'software development', 'software modules', 'software systems', 'sql', 'standard', 'system', 'templates', 'tests', 'treasury', 'unix', 'unix shell', 'visual basic', 'windows', 'workflows', 'databases', 'excel']","['customer service', 'information technology', 'investigation', 'management', 'planning', 'problem solving', 'team oriented', 'troubleshooting', 'written communication']"
201,it jobs,1,"['algorithms', 'analytics', 'api', 'api management', 'big data', 'business', 'business process', 'business requirements', 'cloud migration', 'computer programming', 'customer satisfaction', 'data', 'data analysis', 'data engineering', 'data mining', 'debugging', 'dependency injection', 'devops', 'eclipse', 'emerging technologies', 'engines', 'enterprise architecture', 'financial services', 'fullstack', 'git', 'hibernate', 'hive', 'information retrieval', 'investment management', 'investments', 'java', 'java 8', 'jenkins', 'jms', 'machine learning', 'marketing materials', 'medical', 'mulesoft', 'natural language processing', 'netbeans', 'pattern recognition', 'prescription', 'probability', 'profiling', 'python', 'query tuning', 'r', 'research design', 'sales', 'service', 'software development', 'spring boot', 'spring cloud', 'spring framework', 'sql', 'tableau', 'technical documentation', 'templates', 'testing', 'trading', 'ui', 'unix', 'vaadin', 'aws', 'modelling']","['collaboration', 'communications', 'consulting', 'management', 'operations', 'problem solving', 'research']"
202,it jobs,1,"['adobe creative suite', 'agile software development', 'android', 'big data', 'business', 'c', 'code reuse', 'communications security', 'configuration management', 'css', 'data', 'data mining', 'data retrieval', 'data visualization', 'design specifications', 'devops', 'docker', 'electronic warfare', 'extract transform load', 'genetics', 'graphical', 'graphical user interface', 'hive', 'html', 'html5', 'ios', 'java', 'javascript', 'jira', 'json', 'linux', 'mapreduce', 'medical', 'mobile', 'mysql', 'net', 'nosql', 'operating system', 'oracle', 'os', 'parsing', 'perl', 'python', 'redmine', 'ruby', 'scale', 'security', 'server', 'signals intelligence', 'soap', 'software development', 'sql', 'statistics', 'swift', 'system', 'tableau', 'testing', 'tracking', 'unix', 'user interface', 'visualization', 'web services', 'windows', 'xml', 'hbase']","['communications', 'management', 'operations', 'teamwork', 'writing']"
203,it jobs,1,"['adobe creative suite', 'agile software development', 'android', 'big data', 'business', 'c', 'code reuse', 'communications security', 'configuration management', 'css', 'data', 'data mining', 'data retrieval', 'data visualization', 'design specifications', 'devops', 'docker', 'electronic warfare', 'extract transform load', 'genetics', 'graphical', 'graphical user interface', 'hive', 'html', 'html5', 'ios', 'javascript', 'jira', 'json', 'knowledge discovery', 'linux', 'machine learning', 'mapreduce', 'medical', 'mobile', 'mysql', 'named entity recognition', 'natural language processing', 'nosql', 'operating system', 'oracle', 'os', 'parsing', 'redmine', 'scale', 'security', 'server', 'signals intelligence', 'soap', 'software development', 'sql', 'standard', 'statistics', 'swift', 'system', 'tableau', 'testing', 'text processing', 'unix', 'user interface', 'visualization', 'web services', 'windows', 'xml', 'hbase']","['communications', 'management', 'operations', 'teamwork', 'writing']"
93,marketing,0,"['adobe creative suite', 'advertising campaigns', 'advertorials', 'business', 'data', 'data management', 'digital', 'digital advertising', 'digital marketing', 'email marketing', 'graphic design', 'marketing strategies', 'media management', 'press releases', 'public relations', 'relationship building', 'sales', 'social media management', 'web pages', 'excel']","['communications', 'computer literacy', 'editing', 'enthusiasm', 'filing', 'literacy', 'management', 'microsoft office', 'real estate', 'social media', 'training and development', 'willingness to learn', 'writing']"
94,marketing,0,"['audio', 'audio production', 'business', 'communication strategies', 'digital', 'event planning', 'intranet', 'newsletters', 'photography', 'project management', 'project planning', 'service', 'testing', 'usability', 'usability testing']","['communications', 'creativity', 'customer service', 'decision making', 'editing', 'enthusiasm', 'governance', 'infrastructure', 'leadership', 'management', 'planning', 'research', 'writing']"
95,marketing,0,"['application', 'booking', 'business', 'digital', 'ehealth', 'event management', 'public transport', 'registration', 'service']","['accountability', 'advocacy', 'collaboration', 'communications', 'coordinating', 'customer service', 'innovation', 'leadership', 'management', 'microsoft office', 'scheduling', 'sourcing', 'time management']"
96,marketing,0,"['artwork', 'business', 'data', 'digital', 'digital communications', 'merchandising', 'point of sale', 'product innovation', 'project management', 'purchasing', 'sales', 'visual merchandising', 'excel']","['brainstorming', 'communications', 'coordinating', 'ideation', 'innovation', 'management', 'microsoft office', 'organizational skills', 'team effectiveness', 'team oriented', 'time management', 'written communication']"
97,marketing,0,"['business', 'catering management', 'fundraising', 'project management', 'sales', 'security', 'tourism', 'traffic control']","['diplomacy', 'enthusiasm', 'first aid', 'hospitality', 'management', 'negotiation', 'planning', 'research', 'self-motivation', 'social media', 'timelines', 'writing']"
98,marketing,0,"['business', 'data', 'economics', 'publishing', 'remuneration', 'excel']","['communications', 'data entry', 'detail oriented', 'grammar', 'literacy', 'management', 'microsoft office', 'problem solving', 'research', 'sourcing', 'typing', 'writing']"
99,marketing,0,"['act', 'automotive', 'campaign management', 'content management', 'event management', 'finance', 'registration', 'self-regulation', 'strategic planning', 'system', 'dashboards']","['communications', 'management', 'meeting', 'planning', 'presentations', 'research', 'spreadsheets', 'stress management', 'time management', 'timelines', 'writing']"
100,marketing,0,"['adobe indesign', 'automation', 'business', 'digital', 'digital marketing', 'email marketing', 'marketing automation', 'sales', 'social media content', 'vocabulary', 'excel']","['administrative skills', 'decision making', 'grammar', 'management', 'microsoft office', 'planning', 'problem solving', 'social media', 'time management', 'willingness to learn', 'written communication']"
101,marketing,0,"['business', 'business writing', 'collections', 'communications management', 'employee engagement', 'internal communications', 'intranet', 'service', 'transformation']","['accountability', 'communications', 'consulting', 'customer service', 'enthusiasm', 'management', 'negotiation', 'self-motivation', 'social media', 'timelines', 'writing']"
102,marketing,0,"['application', 'boost', 'business', 'business communication', 'corporate communications', 'customer experience', 'material', 'project management']","['communications', 'consulting', 'coordinating', 'editing', 'management', 'negotiation', 'planning', 'problem solving', 'relationship management', 'research', 'writing']"
103,marketing,0,"['application', 'automation', 'business', 'content development', 'corporate communications', 'demand generation', 'digital', 'digital marketing', 'digital media', 'diversity and inclusion', 'facebook ads', 'html', 'industry 40', 'intranet', 'manufacturing', 'marketing automation', 'media strategy', 'mobility', 'scale', 'social media marketing', 'tracking', 'web applications']","['communications', 'editing', 'infrastructure', 'innovation', 'management', 'planning', 'research', 'social media', 'time management', 'writing']"
104,marketing,0,"['business', 'copywriting', 'digital', 'digital content', 'e-marketing', 'event management', 'logistics planning', 'scale', 'service', 'telemarketing', 'web development', 'excel']","['accountability', 'communications', 'customer service', 'detail oriented', 'english', 'management', 'negotiation', 'operations', 'planning', 'research', 'sourcing', 'timelines', 'written english']"
105,marketing,0,"['account management', 'acting', 'appraisals', 'business', 'business development', 'corporate finance', 'development support', 'digital', 'draft', 'finance', 'new business development', 'profiling', 'public affairs', 'public relations', 'reputation management', 'standard', 'wealth management']","['advocacy', 'brainstorming', 'communications', 'creativity', 'critical thinking', 'management', 'meeting', 'planning', 'research', 'social media', 'writing', 'written communication']"
106,marketing,0,"['account management', 'acting', 'appraisals', 'business', 'business development', 'corporate finance', 'development support', 'digital', 'draft', 'finance', 'new business development', 'proposal writing', 'public affairs', 'reputation management', 'standard']","['brainstorming', 'communications', 'creativity', 'critical thinking', 'management', 'meeting', 'planning', 'research', 'social media', 'team management', 'writing', 'written communication']"
107,marketing,0,"['business', 'business development', 'cyber security', 'evaluation methods', 'public opinion', 'qualitative research', 'quantitative research', 'security', 'service', 'social policy', 'social research', 'spss', 'excel']","['communications', 'creativity', 'curiosity', 'english', 'innovation', 'management', 'microsoft excel', 'negotiation', 'operations', 'presentations', 'research', 'writing']"
108,marketing,0,"['brand marketing', 'business', 'community leadership', 'community management', 'competitor analysis', 'conflict resolution', 'content creation', 'copywriting', 'data', 'digital', 'digital marketing', 'graphic design', 'pinterest', 'proofreading', 'public relations', 'sales', 'service', 'social media campaigns', 'social media trends']","['advocacy', 'customer service', 'editing', 'empathy', 'leadership', 'management', 'patience', 'social media', 'timelines', 'writing', 'written communication']"
109,marketing,0,"['account management', 'act', 'automotive', 'cms', 'copywriting', 'digital', 'digital marketing', 'marketing communications', 'media planning', 'project management', 'sales', 'social media campaigns', 'standard', 'excel']","['communications', 'management', 'numbers', 'operations', 'planning', 'research', 'scheduling', 'social media', 'spreadsheets', 'team management', 'visionary']"
110,marketing,0,"['business', 'com', 'copywriting', 'direct marketing', 'dot', 'email marketing', 'html', 'marketing communications', 'project management', 'tests']","['communications', 'editing', 'english', 'leadership', 'management', 'microsoft office', 'planning', 'problem solving', 'research', 'scheduling', 'writing']"
111,marketing,0,"['business', 'copywriting', 'crm', 'dynamic content', 'legislation', 'marketing communications', 'mobile', 'project management', 'service', 'switch', 'excel']","['brainstorming', 'collaboration', 'communications', 'english', 'ideation', 'management', 'planning', 'research', 'writing']"
112,marketing,0,"['business', 'crm', 'data', 'market research', 'marketing research', 'sales', 'standard', 'track', 'databases', 'excel']","['data entry', 'enthusiasm', 'management', 'problem solving', 'research', 'social media', 'sourcing', 'teamwork', 'time management']"
113,marketing,0,"['blogs', 'business', 'content marketing', 'press releases', 'professional services', 'public relations', 'thought leadership']","['accountability', 'brainstorming', 'creativity', 'leadership', 'management', 'people management', 'presentations', 'social media', 'teamwork']"
114,marketing,0,"['a b testing', 'adobe creative cloud', 'analytics', 'business', 'cms', 'content management', 'content marketing', 'content strategy', 'copywriting', 'data', 'digital', 'frontend', 'information architecture', 'jira', 'merchandising', 'microsites', 'personalization', 'production management', 'project management', 'project management software', 'publishing', 'sales', 'sitecore', 'testing', 'track', 'ux', 'web pages']","['editing', 'investigation', 'leadership', 'management', 'microsoft office', 'team leadership', 'troubleshooting', 'visionary']"
115,marketing,0,"['analytics', 'bid management', 'boost', 'budgeting', 'business', 'competitor analysis', 'data', 'design software', 'digital', 'digital marketing', 'e-commerce', 'forecasting', 'google analytics', 'keyword research', 'operating system', 'pet insurance', 'sales', 'system', 'track', 'website optimization']","['english', 'english language', 'grammar', 'management', 'meeting', 'planning', 'research', 'social media']"
116,recruitment consultancy jobs,0,"['acting', 'aftercare', 'appraisals', 'benchmarking', 'business', 'business development', 'business systems', 'campaign management', 'cost management', 'customer satisfaction', 'dso', 'indicators', 'key performance indicators', 'kpis', 'local management', 'resource management', 'resourcing', 'service', 'service delivery']","['collaboration', 'leadership', 'management', 'meeting', 'operations', 'people management', 'planning', 'self-motivation', 'sourcing', 'writing']"
117,recruitment consultancy jobs,0,"['business', 'data', 'excel']","['english', 'filing', 'management', 'meeting', 'microsoft word', 'research', 'social media', 'teaching', 'time management', 'written english']"
118,recruitment consultancy jobs,0,"['application', 'billing', 'business', 'devops', 'financial services', 'go', 'network engineering', 'networking', 'recruitment consultancy', 'sales', 'security', 'service', 'sport', 'standard']","['english', 'enthusiasm', 'infrastructure', 'leadership', 'management', 'professionalism', 'resilience', 'retail sales']"
119,recruitment consultancy jobs,0,"['business', 'business development', 'financial services', 'life sciences', 'relationship building', 'sales', 'scheme', 'service', 'track']","['business acumen', 'customer service', 'management', 'research', 'social media', 'sourcing', 'time management', 'training and development']"
120,recruitment consultancy jobs,0,"['act', 'acting', 'finance', 'registration', 'sales']","['cleanliness', 'consulting', 'hospitality', 'management', 'meeting', 'microsoft office', 'time management', 'writing']"
121,recruitment consultancy jobs,0,"['business', 'career development', 'data', 'data mining', 'event planning', 'organic growth', 'public transport', 'sales', 'scheme', 'service', 'standard', 'supply chain', 'track']","['customer service', 'infrastructure', 'management', 'planning', 'problem solving', 'social media', 'sourcing']"
122,recruitment consultancy jobs,0,"['applicant tracking system', 'business', 'data', 'data integrity', 'landscape', 'recruitment strategies', 'service', 'system', 'talent acquisition', 'tracking', 'workday', 'excel']","['business acumen', 'english', 'innovation', 'negotiation', 'problem solving', 'resilience', 'sourcing']"
123,recruitment consultancy jobs,0,"['account management', 'business', 'cosmetics', 'go', 'hair care', 'personal care', 'sales', 'scheme', 'service', 'skin care', 'track']","['creativity', 'customer service', 'management', 'problem solving', 'success driven', 'team management', 'tenacity']"
124,recruitment consultancy jobs,0,"['business', 'career development', 'data', 'development management', 'networking', 'recruitment consultancy', 'sales', 'service']","['data entry', 'hospitality', 'infrastructure', 'management', 'tenacity', 'time management', 'written communication']"
125,recruitment consultancy jobs,0,"['resourcing', 'service', 'service level', 'track', 'excel']","['customer service', 'innovation', 'management', 'microsoft word', 'planning', 'problem solving', 'professionalism']"
126,recruitment consultancy jobs,0,"['sales', 'sport', 'excel']","['computer literacy', 'coordinating', 'enthusiasm', 'literacy', 'management', 'social media', 'training and development']"
127,retail & consumer products,0,"['act', 'budgeting', 'cost management', 'legislation', 'merchandising', 'sales', 'service', 'visual merchandising', 'excel']","['adaptability', 'collaboration', 'coordinating', 'customer service', 'leadership', 'management', 'microsoft excel', 'microsoft office', 'operations', 'resilience', 'team building', 'teamwork']"
128,retail & consumer products,0,"['analytics', 'business', 'customer experience', 'data', 'inventory', 'inventory management', 'management systems', 'market share', 'performance management', 'relationship building', 'risk management', 'risk management framework', 'sales', 'service', 'stakeholder management', 'succession planning', 'sustainability', 'excel']","['collaboration', 'customer service', 'decision making', 'innovation', 'management', 'meeting', 'microsoft office', 'negotiation', 'operations', 'planning', 'verbal communication skills']"
129,retail & consumer products,0,"['business', 'investing', 'kpis', 'merchandising', 'retail management', 'sales', 'service', 'visual merchandising']","['advocacy', 'creativity', 'customer service', 'innovation', 'leadership', 'management', 'numbers', 'operations', 'teamwork', 'training and development']"
130,retail & consumer products,0,"['business', 'data', 'development management', 'growth strategies', 'sales', 'track']","['curiosity', 'financial literacy', 'innovation', 'leadership', 'literacy', 'management', 'operations', 'planning', 'retail sales', 'teamwork']"
131,retail & consumer products,0,"['application', 'kpis', 'retail management', 'sales', 'service', 'service delivery', 'strategic selling', 'track', 'excel']","['creativity', 'customer service', 'leadership', 'management', 'microsoft office', 'people management', 'presentations', 'training and development', 'written communication']"
132,retail & consumer products,0,"['business', 'kpis', 'loss prevention', 'merchandising', 'middle management', 'sales', 'succession planning', 'visual merchandising', 'vm']","['constructive feedback', 'decision making', 'influencing skills', 'leadership', 'management', 'negotiation', 'planning', 'problem solving', 'written communication']"
133,retail & consumer products,0,"['business', 'customer satisfaction', 'hygiene', 'legislation', 'licensing', 'rsa', 'seafood', 'service', 'stock control']","['cleanliness', 'computer literacy', 'customer service', 'hospitality', 'leadership', 'literacy', 'microsoft office', 'operations', 'social media']"
134,retail & consumer products,0,"['apple', 'business', 'product design', 'repairing', 'service', 'swift']","['composure', 'customer service', 'empathy', 'innovation', 'management', 'patience', 'problem solving', 'time management', 'troubleshooting']"
135,retail & consumer products,0,"['analytics', 'application', 'business', 'customer experience', 'data', 'digital', 'go', 'google analytics', 'inventory', 'market share', 'merchandise planning', 'merchandising', 'online marketing', 'sales', 'service', 'stakeholder management', 'system', 'trading', 'excel']","['decision making', 'leadership', 'management', 'negotiation', 'people management', 'planning', 'team leadership', 'training and development']"
136,retail & consumer products,0,"['automotive', 'balancing', 'batteries', 'business', 'closing', 'employee benefits', 'equipment maintenance', 'fault', 'legislation', 'mechanical', 'merchandising', 'performance management', 'sales', 'security', 'service', 'standard', 'stock management']","['customer service', 'leadership', 'management', 'people management', 'problem solving', 'retail sales', 'training and development', 'writing']"
137,retail & consumer products,0,"['agility', 'animations', 'business', 'depreciation', 'embedding', 'finance', 'inventory', 'inventory control', 'look and feel', 'operational excellence', 'project management', 'refurbishment', 'sales', 'stakeholder management', 'standard', 'supply chain', 'system']","['decision making', 'influencing skills', 'leadership', 'management', 'operations', 'problem solving', 'strategic thinking', 'timelines']"
138,retail & consumer products,0,"['brand awareness', 'brand representation', 'business', 'electricity', 'marketing communications', 'material', 'mobile', 'needs analysis', 'relationship building', 'remuneration', 'safari', 'sales', 'service', 'solution selling']","['collaboration', 'communications', 'customer service', 'management', 'negotiation', 'professionalism', 'time management', 'training and development']"
139,retail & consumer products,0,"['cash handling', 'customer experience', 'merchandising', 'performance management', 'point of sale', 'remuneration', 'sales', 'security', 'service', 'stock control', 'succession planning', 'trading', 'visual merchandising']","['customer service', 'enthusiasm', 'leadership', 'management', 'operations', 'planning', 'problem solving', 'training and development']"
140,retail & consumer products,0,"['business', 'career development', 'customer experience', 'kpis', 'loss prevention', 'manufacturing', 'merchandising', 'sales', 'service', 'standard', 'visual merchandising', 'vm']","['cleanliness', 'customer service', 'innovation', 'leadership', 'management', 'operations', 'training and development', 'written communication']"
141,retail & consumer products,0,"['data', 'emotional intelligence', 'inventory', 'market share', 'material', 'merchandising', 'sales', 'service', 'sms', 'stock management', 'system']","['accountability', 'customer service', 'data entry', 'management', 'operations', 'planning', 'presentations', 'teamwork']"
142,retail & consumer products,0,"['budgeting', 'business', 'career development', 'customer experience', 'merchandising', 'mobile', 'sales', 'service', 'stock management', 'track', 'vehicle']","['customer service', 'goal setting', 'hospitality', 'leadership', 'management', 'operations', 'people management', 'verbal communication skills']"
143,retail & consumer products,0,"['boosting', 'business', 'closing', 'inventory', 'inventory management', 'merchandising', 'numeracy', 'sales', 'service', 'standard']","['customer service', 'innovation', 'leadership', 'literacy', 'management', 'team leadership', 'team management', 'teamwork']"
144,retail & consumer products,0,"['application', 'business', 'internal communications', 'kpis', 'legislation', 'performance management', 'retail management', 'sales', 'service', 'service delivery', 'strategic planning']","['accountability', 'communications', 'leadership', 'management', 'operations', 'people management', 'planning', 'written communication']"
145,retail & consumer products,0,"['asset protection', 'business', 'casting', 'customer experience', 'customer satisfaction', 'food safety', 'his', 'performance management', 'relationship building', 'rolling', 'sales', 'service', 'standard', 'strategic planning', 'succession planning', 'transformational leadership']","['communications', 'humility', 'leadership', 'management', 'operations', 'people management', 'planning']"
146,retail & consumer products,0,"['data', 'quality control', 'sales', 'secondary education', 'service', 'standard', 'stock control', 'system', 'excel']","['customer service', 'data entry', 'english', 'literacy', 'microsoft excel', 'operations', 'planning']"
147,retail & consumer products,0,"['application', 'cancer', 'direct marketing', 'fundraising', 'inbound marketing', 'sales', 'service', 'worldpay']","['customer service', 'english', 'enthusiasm', 'hospitality', 'research', 'retail sales', 'social media']"
148,retail & consumer products,0,"['business', 'inventory', 'merchandising', 'sales', 'service', 'session', 'tracking']","['adaptability', 'constructive feedback', 'creativity', 'customer service', 'leadership', 'management', 'patience']"
149,retail & consumer products,0,"['acting', 'legislation', 'sales', 'scheme', 'service', 'track']","['accountability', 'communications', 'customer service', 'leadership', 'management', 'negotiation', 'people management']"
150,retail & consumer products,0,"['act', 'business', 'performance management', 'retail management', 'service']","['curiosity', 'customer service', 'influencing skills', 'leadership', 'management', 'operations', 'professionalism']"
151,retail & consumer products,0,"['agility', 'audio', 'audio production', 'bilingual', 'business', 'customer experience', 'interactive media', 'internet of things', 'iot', 'latin', 'mobile', 'punctuation', 'service', 'talent acquisition', 'translations', 'databases']","['english', 'grammar', 'microsoft office', 'operations', 'patience', 'quality assurance']"
152,retail & consumer products,0,"['application', 'business', 'career development', 'food safety', 'hygiene', 'numeracy', 'retail management', 'sales', 'service', 'track']","['computer literacy', 'customer service', 'enthusiasm', 'literacy', 'management', 'training and development']"
153,retail & consumer products,0,"['application', 'business', 'career development', 'customer experience', 'inventory', 'sales', 'scheme', 'service', 'stock control']","['cleanliness', 'customer service', 'leadership', 'operations', 'retail sales', 'training and development']"
154,retail & consumer products,0,"['business', 'indicators', 'key performance indicators', 'merchandising', 'point of sale', 'sales', 'sales management', 'service', 'standard']","['communications', 'customer service', 'leadership', 'management', 'planning', 'retail sales']"
155,retail & consumer products,0,"['business', 'safety standards', 'sales', 'service', 'standard', 'track', 'excel']","['cleanliness', 'creative thinking', 'customer service', 'decision making', 'planning', 'retail sales']"
156,retail & consumer products,0,"['business', 'commercial focus', 'customer experience', 'disciplinary procedures', 'performance management', 'sales', 'service']","['communications', 'customer service', 'empathy', 'management', 'meeting', 'teamwork']"
157,retail & consumer products,0,"['application', 'cancer', 'direct marketing', 'fundraising', 'inbound marketing', 'sales', 'service']","['customer service', 'english', 'hospitality', 'meeting', 'research', 'retail sales']"
158,retail & consumer products,0,"['merchandising', 'sales', 'security', 'service', 'stock control', 'succession planning']","['customer service', 'leadership', 'management', 'operations', 'people management', 'planning']"
159,retail & consumer products,0,"['indicators', 'key performance indicators', 'kpis', 'sales', 'service']","['customer service', 'empathy', 'management', 'meeting', 'scheduling', 'training and development']"
160,sales,0,"['account management', 'account planning', 'business', 'business development', 'data', 'exhibitions', 'forecasting', 'hcm', 'networking', 'psychology', 'sales', 'salesforcecom', 'solution delivery', 'talent management', 'track', 'excel', 'salesforce']","['business operations', 'collaboration', 'consulting', 'management', 'meeting', 'operations', 'planning', 'presentations', 'problem solving', 'relationship management', 'research', 'scheduling', 'time management', 'writing', 'written communication']"
161,sales,0,"['analytics', 'audio', 'automation', 'business', 'data', 'engineering support', 'iot', 'pre-sales engineering', 'project management', 'remuneration', 'sales', 'service', 'track']","['accountability', 'cooperation', 'critical thinking', 'customer service', 'innovation', 'integration', 'management', 'presentations', 'problem solving', 'rapport building', 'relationship management', 'teaching', 'time management']"
162,sales,0,"['bid management', 'business', 'business writing', 'corporate finance', 'finance', 'information systems', 'management process', 'mechanics', 'purchasing', 'retail banking', 'sales', 'vehicle', 'excel']","['business acumen', 'collaboration', 'management', 'microsoft office', 'negotiation', 'operations', 'problem solving', 'resilience', 'sourcing', 'time management', 'training and development', 'writing']"
163,sales,0,"['account planning', 'budgeting', 'business', 'business development', 'consultative selling', 'executive leadership', 'forecasting', 'honing', 'new business development', 'program development', 'relationship building', 'sales', 'standard', 'system', 'target accounts']","['consulting', 'creative thinking', 'english', 'influencing skills', 'leadership', 'management', 'negotiation', 'planning', 'presentations', 'teamwork', 'written communication']"
164,sales,0,"['account management', 'acting', 'business', 'closing', 'forward planning', 'go', 'market intelligence', 'remuneration', 'sales', 'service', 'trades', 'vehicle']","['customer service', 'empathy', 'management', 'planning', 'problem solving', 'punctuality', 'reliability', 'self-motivation', 'sourcing', 'trustworthiness', 'written communication']"
165,sales,0,"['act', 'business', 'go', 'maternity', 'networking', 'procurement', 'professional services', 'purchasing', 'service', 'excel']","['customer service', 'influencing skills', 'innovation', 'management', 'meeting', 'problem solving', 'professionalism', 'relationship management', 'time management', 'training and development', 'written communication']"
166,sales,0,"['business', 'business development', 'mobile', 'rehabilitation', 'sales', 'scheme', 'vehicle']","['business acumen', 'confident communicator', 'decision making', 'empathy', 'influencing skills', 'management', 'negotiation', 'patience', 'presentations', 'professionalism', 'writing']"
167,sales,0,"['business', 'business development', 'closing', 'closing skills', 'conflict resolution', 'crm', 'data', 'development economics', 'development planning', 'economics', 'finance', 'forecasting', 'growth strategies', 'mapping', 'networking', 'new business development', 'sales', 'sales planning', 'service', 'value proposition']","['collaboration', 'customer service', 'management', 'meeting', 'microsoft office', 'planning', 'research', 'valid driver s license', 'verbal communication skills', 'writing']"
168,sales,0,"['business', 'conflict resolution', 'crm', 'electrical', 'estimators', 'lighting design', 'manufacturing', 'marketing strategies', 'product strategies', 'profitable growth', 'quotations', 'r', 'sales', 'service', 'system', 'tracking']","['customer service', 'decision making', 'innovation', 'leadership', 'microsoft office', 'negotiation', 'problem solving', 'self starter', 'training and development', 'verbal communication skills']"
169,sales,0,"['business', 'business development', 'change management', 'contract management', 'data', 'indicators', 'key performance indicators', 'procurement', 'purchasing', 'supply chain', 'supply chain management', 'databases', 'excel']","['communications', 'computer literacy', 'consulting', 'leadership', 'literacy', 'management', 'microsoft office', 'negotiation', 'presentations', 'relationship management']"
170,sales,0,"['account management', 'business', 'powerhouse', 'sales', 'service', 'service management']","['collaboration', 'customer service', 'financial literacy', 'leadership', 'literacy', 'management', 'negotiation', 'planning', 'strategic thinking', 'visionary']"
171,sales,0,"['act', 'agricultural engineering', 'agriculture', 'agronomy', 'business', 'client services', 'crop production', 'customer satisfaction', 'data', 'electronics', 'farming', 'food chain', 'gps', 'market penetration', 'mobile', 'needs assessment', 'new product development', 'precision agriculture', 'pricing strategies', 'sales', 'sales concepts', 'sales training', 'service', 'soil fertility']","['accountability', 'leadership', 'management', 'organizational skills', 'personal integrity', 'planning', 'retail sales', 'teamwork', 'time management']"
172,sales,0,"['act', 'business', 'crm', 'data', 'data collection', 'his', 'imaging', 'medical', 'medical imaging', 'medical terminology', 'nursing', 'plan execution', 'sales', 'service', 'standard', 'salesforce']","['accountability', 'collaboration', 'computer literacy', 'customer service', 'innovation', 'literacy', 'management', 'meeting', 'microsoft office']"
173,sales,0,"['business', 'crm', 'data', 'data collection', 'his', 'imaging', 'medical', 'medical imaging', 'medical terminology', 'nursing', 'plan execution', 'sales', 'service', 'standard', 'salesforce']","['accountability', 'collaboration', 'computer literacy', 'customer service', 'innovation', 'literacy', 'management', 'meeting', 'microsoft office']"
174,sales,0,"['act', 'business', 'business intelligence', 'business to business', 'cctv', 'cold calling', 'data', 'electrical', 'installation', 'lead management', 'networking', 'sales', 'security', 'service', 'surveys', 'target market', 'telemarketing', 'track']","['accountability', 'action oriented', 'business acumen', 'customer service', 'dealing with ambiguity', 'decision making', 'influencing skills', 'literacy', 'management', 'microsoft office', 'planning', 'time management']"
175,sales,0,"['application', 'business', 'business systems', 'crm', 'customer success', 'data', 'event management', 'executive leadership', 'internal communications', 'project management', 'sales', 'sales effectiveness', 'sales management', 'sales operations', 'service', 'excel', 'salesforce']","['business acumen', 'business administration', 'collaboration', 'communications', 'decision making', 'leadership', 'management', 'meeting', 'microsoft office', 'operations', 'planning', 'written communication']"
176,sales,0,"['account management', 'act', 'application', 'authorization', 'business', 'chargeback', 'customer relationship management', 'full-stack', 'gtm', 'hosting', 'omnipay', 'reconciliation', 'sales', 'sales engineering', 'scheme', 'scrum', 'service', 'settlement', 'software development', 'strategic planning', 'systems integration', 'thought leadership', 'web application']","['communications', 'english', 'infrastructure', 'integration', 'leadership', 'management', 'operations', 'planning', 'problem solving', 'relationship management', 'written communication']"
177,sales,0,"['act', 'business', 'business to business', 'cctv', 'electrical', 'installation', 'lead generation', 'logging', 'networking', 'sales', 'security', 'surveys', 'system', 'telemarketing', 'track']","['accountability', 'action oriented', 'business acumen', 'dealing with ambiguity', 'decision making', 'english', 'influencing skills', 'literacy', 'microsoft office', 'self starter']"
178,sales,0,"['account management', 'business', 'business development', 'business strategies', 'competitor analysis', 'crm', 'customer relationship management', 'data', 'digital', 'direct selling', 'erp', 'finance', 'go', 'lead generation', 'operations management', 'revenue growth', 'sales', 'sales enablement', 'sales operations', 'service', 'track']","['collaboration', 'customer service', 'management', 'meeting', 'negotiation', 'operations', 'relationship management', 'spreadsheets']"
179,sales,0,"['application', 'business', 'business development', 'closing', 'customer experience', 'development review', 'milestones', 'networking', 'performance management', 'profitable growth', 'sales', 'scale', 'standard']","['collaboration', 'leadership', 'management', 'meeting', 'numbers', 'operations', 'planning', 'retail sales']"
180,sales,0,"['business', 'category growth', 'data', 'e-commerce', 'market share', 'net', 'reduction', 'sales', 'shopper marketing', 'sustainability', 'tracking', 'excel']","['computer literacy', 'leadership', 'literacy', 'management', 'negotiation', 'operations', 'planning', 'time management']"
181,sales,0,"['agility', 'business', 'consumables', 'data', 'development management', 'finance', 'international sales', 'manufacturing', 'market share', 'marketing mix', 'material', 'new product development', 'product innovation', 'product management', 'product requirements', 'sales', 'sales management', 'service', 'strategic planning', 'supply chain', 'value proposition', 'vascular access', 'vehicle', 'excel']","['collaboration', 'communications', 'enthusiasm', 'innovation', 'management', 'microsoft office', 'planning']"
182,sales,0,"['advising', 'bid management', 'business', 'business development', 'business to business', 'campaign management', 'digital', 'digital transformation', 'document management', 'exec', 'hosting', 'information management', 'it sales', 'numeracy', 'presentation software', 'professional services', 'sales', 'transformation', 'excel']","['diplomacy', 'influencing skills', 'literacy', 'management', 'negotiation', 'spreadsheets', 'writing']"
183,sales,0,"['advising', 'automation', 'business', 'catalogues', 'counters', 'customer support', 'data', 'electrical', 'electronics', 'mechanical', 'merchandising', 'sales', 'scheme', 'service', 'shipping', 'standard', 'stock management', 'trading', 'excel']","['customer service', 'english', 'literacy', 'management', 'numbers', 'operations', 'training and development']"
184,sales,0,"['advertising campaigns', 'advertising sales', 'blogs', 'business', 'closing', 'content marketing', 'digital', 'digital advertising', 'digital marketing', 'hive', 'sales', 'sales presentation', 'service', 'storytelling', 'track', 'excel']","['business acumen', 'creativity', 'innovation', 'management', 'negotiation', 'social media', 'time management']"
185,sales,0,"['account management', 'billing', 'business', 'business development', 'business to business', 'closing', 'data', 'exec', 'go', 'onboarding', 'sales', 'sales development', 'service', 'statistics', 'track', 'excel']","['communications', 'confident communicator', 'cooperation', 'customer service', 'enthusiasm', 'management', 'meeting']"
186,sport & recreation,0,"['act', 'application', 'closing', 'customer experience', 'e', 'facility management', 'higher education', 'operational excellence', 'service', 'service quality', 'sport', 'system', 'track', 'working with children']","['decision making', 'infrastructure', 'management', 'meeting', 'operations', 'presentations', 'problem solving', 'research', 'teaching']"
187,sport & recreation,0,"['business', 'business awareness', 'data', 'data management', 'franchising', 'legislation', 'marketing strategies', 'operational excellence', 'revenue growth', 'safety standards', 'service', 'strategic planning', 'transportation']","['accountability', 'business acumen', 'customer service', 'first aid', 'management', 'planning', 'problem solving', 'swimming', 'time management']"
188,sport & recreation,0,"['application', 'business', 'business development', 'lead generation', 'sales', 'service', 'service management', 'track', 'excel']","['business acumen', 'customer service', 'leadership', 'management', 'microsoft word', 'operations', 'problem solving', 'retail sales', 'social media']"
189,sport & recreation,0,"['act', 'application', 'blast', 'cpr', 'go', 'liability insurance', 'occupational health', 'safety standards', 'standard', 'excel']","['adaptability', 'administrative skills', 'first aid', 'management', 'meeting', 'scheduling', 'social media', 'time management']"
190,sport & recreation,0,"['functional training', 'marketing management', 'sales', 'sales management', 'service']","['cleanliness', 'customer service', 'enthusiasm', 'first aid', 'leadership', 'management', 'operations', 'social media']"
191,sport & recreation,0,"['act', 'chemical', 'child protection', 'employee benefits', 'enclosure', 'filtration', 'hygiene', 'medical', 'pools', 'public relations', 'random testing', 'risk management', 'security', 'service', 'swim coaching', 'testing', 'water quality', 'working with children']","['cleanliness', 'coordinating', 'customer service', 'first aid', 'management', 'operations', 'swimming']"
192,sport & recreation,0,"['application', 'business', 'business planning', 'closing', 'development management', 'facilities planning', 'policy development', 'service', 'sport', 'strategic planning']","['customer service', 'management', 'planning', 'presentations', 'research', 'verbal communication skills', 'writing']"
193,sport & recreation,0,"['act', 'chemistry', 'conflict resolution', 'cpr', 'service', 'service delivery', 'working with children']","['customer service', 'first aid', 'innovation', 'leadership', 'management', 'professionalism', 'time management']"
194,sport & recreation,0,"['development management', 'leisure and recreation', 'working with children']","['first aid', 'leadership', 'management', 'operations', 'planning', 'program management', 'verbal communication skills']"
195,sport & recreation,0,"['application', 'business', 'customer experience', 'data', 'mitigation', 'reviewing applications', 'risk mitigation', 'rolling', 'service', 'sport', 'sports management']","['customer service', 'leadership', 'management', 'operations', 'people management', 'planning']"
196,sport & recreation,0,"['application', 'general administrative support', 'guarding', 'head start', 'networking', 'service', 'sport', 'working with children']","['customer service', 'enthusiasm', 'first aid', 'management', 'swimming', 'time management']"
197,sport & recreation,0,"['business', 'empowerment', 'heart rate', 'mechanics', 'physiology', 'sales', 'service']","['accountability', 'customer service', 'goal setting', 'innovation', 'leadership', 'presentations']"
10,telecommunication,1,"['agile software development', 'agriculture', 'analytics', 'android', 'angular', 'api', 'application', 'aquaculture', 'business', 'cloud infrastructure', 'configuration management', 'continuous integration', 'control systems', 'data', 'data science', 'devops', 'digital', 'digital technology', 'front-end', 'full stack', 'git', 'information industry', 'internet of things', 'ios', 'iot', 'microservices', 'mobile', 'net', 'react', 'release management', 'resource constraints', 'restful api', 'rolling', 'scale', 'scrum', 'server', 'service', 'software development', 'software development methodologies', 'software engineering', 'sql', 'syncfusion', 'tableau', 'teechart', 'testing', 'track', 'unit testing', 'user experience', 'ux', 'value chain', 'version control', 'xamarin', 'yields', 'databases']","['collaboration', 'infrastructure', 'innovation', 'integration', 'management', 'willingness to learn']"
11,telecommunication,1,"['ai', 'amazon redshift', 'analytics', 'artificial intelligence', 'big data', 'business', 'business analysis', 'business intelligence', 'data', 'data integration', 'data management', 'data warehousing', 'digital', 'dotnet', 'elasticsearch', 'emberjs', 'emerging technologies', 'front end', 'google cloud', 'google cloud platform', 'greenplum', 'html5', 'ibm infosphere', 'informatica', 'java', 'javascript', 'javascript frameworks', 'mapr', 'microsoft azure', 'nodejs', 'oracle', 'postgresql', 'python', 'qlikview', 'r', 'reactjs', 'research and development', 'sas', 'scala', 'scripting', 'server', 'software development', 'sql', 'tableau', 'talend', 'technical services', 'unix', 'user experience', 'vehicle', 'warehousing', 'aws', 'azure', 'databases', 'modelling']","['consulting', 'integration', 'management', 'problem solving', 'research']"
12,telecommunication,1,"['active directory', 'bare metal', 'bios', 'business', 'capacity planning', 'css', 'data', 'deductive reasoning', 'dhcp', 'electronics', 'firmware', 'forecasting', 'group policy', 'infrastructure management', 'inter-asterisk exchange', 'international business', 'knowledge management', 'linux', 'media gateway control protocol', 'mgcp', 'network storage', 'network troubleshooting', 'networking', 'networking hardware', 'operating system', 'os', 'patch management', 'performance tuning', 'project management', 'project schedules', 'protocol', 'radware', 'raid', 'rdp', 'real-time transport protocol', 'root cause analysis', 'scripting', 'security', 'server', 'server virtualization', 'session', 'session description protocol', 'system', 'system administration', 'tcp', 'tcp ip', 'telephony', 'track', 'virtualization', 'vpn', 'windows', 'xmpp']","['checklists', 'communications', 'infrastructure', 'integration', 'management', 'people management', 'planning', 'scheduling', 'timelines', 'troubleshooting']"
13,telecommunication,1,"['agile methodology', 'android', 'android sdk', 'android studio', 'application', 'application development', 'artifactory', 'automation', 'bitbucket', 'business', 'customer experience', 'design thinking', 'development testing', 'devops', 'digital', 'digital technology', 'django', 'docker', 'fastlane', 'firebase', 'functional specification', 'git', 'git stash', 'gradle', 'ide', 'ios', 'ios development', 'java', 'json', 'kotlin', 'lifecycle management', 'mobile', 'mobile banking', 'objective-c', 'optimal design', 'scalability', 'security', 'service', 'service delivery', 'software architecture', 'sonarqube', 'sustainable business', 'swift', 'system', 'technology solutions', 'testing', 'value creation', 'visual design', 'watchos']","['agenda', 'collaboration', 'curiosity', 'empathy', 'enthusiasm', 'governance', 'innovation', 'integration', 'management', 'planning', 'writing', 'written communication']"
14,telecommunication,1,"['active directory', 'amazon web services', 'ansible', 'apache tomcat', 'application', 'automation', 'aws cloudformation', 'bash', 'business', 'centos', 'chef', 'cloud computing', 'cloud technologies', 'computing', 'configuration management', 'continuous integration', 'devops', 'docker', 'dotnet', 'ebextensions', 'elastic beanstalk', 'git', 'java', 'javascript', 'jboss', 'jenkins', 'linux', 'networking', 'nginx', 'nodejs', 'opsworks', 'os', 'perforce', 'php', 'puppet', 'python', 'ruby', 'scripting', 'scripting language', 'server', 'service', 'tcp', 'tcp ip', 'ubuntu', 'version control', 'virtualization', 'web services', 'windows', 'aws']","['customer service', 'infrastructure', 'integration', 'leadership', 'management', 'microsoft windows']"
15,telecommunication,1,"['agriculture', 'analytical thinking', 'analytics', 'android', 'angular', 'application', 'application services', 'automation', 'back-end', 'business', 'data', 'data quality', 'data science', 'formal methods', 'front-end', 'geospatial databases', 'go', 'information industry', 'internet of things', 'ios', 'iot', 'javascript', 'microsoft azure', 'mobile', 'net', 'pandas', 'python', 'r', 'resource constraints', 'rolling', 'scalability', 'scale', 'scrum', 'service', 'software engineering', 'software quality', 'software testing', 'stress testing', 'test automation', 'testing', 'tracking', 'ux', 'value chain', 'volume testing', 'web applications', 'xamarin', 'yields', 'azure', 'databases']","['collaboration', 'innovation', 'quality assurance', 'written communication']"
16,telecommunication,1,"['application', 'application development', 'automation', 'bash', 'business', 'business transformation', 'cloud infrastructure', 'cloud services', 'control systems', 'customer experience', 'devops', 'enterprise integration', 'git', 'hosting', 'hybris', 'installation', 'linux', 'magento', 'netbackup', 'networking', 'new relic', 'nginx', 'onboarding', 'os', 'perl', 'presales', 'private cloud', 'professional services', 'puppet', 'ruby', 'sales', 'scripting', 'service', 'service delivery', 'sitecore', 'sql', 'strace', 'system', 'system administration', 'tcpdump', 'transformation', 'version control', 'web application', 'windows', 'windows servers', 'aws', 'azure']","['communications', 'consulting', 'infrastructure', 'integration', 'management', 'timelines', 'troubleshooting']"
17,telecommunication,1,"['active directory', 'ajax', 'analytics', 'angular', 'application', 'application development', 'application security', 'asp', 'business', 'business intelligence', 'business intelligence tools', 'css', 'data', 'data modeling', 'data visualization', 'database systems', 'dmz', 'ergonomics', 'extranet', 'front end', 'full stack', 'html', 'html5', 'java', 'javascript', 'js', 'json', 'kerberos', 'opensso', 'persona', 'professional services', 'reactjs', 'saml', 'scripting', 'security', 'server', 'siteminder', 'software development', 'sql', 'ui', 'user interface', 'ux', 'visual analytics', 'visualization', 'web application', 'web application security', 'web services']","['consulting', 'innovation', 'meeting', 'professionalism']"
18,telecommunication,1,"['adobe experience manager', 'agile methodology', 'ajax', 'analytics', 'api', 'blogs', 'business', 'business requirements', 'campaign management', 'content management', 'css', 'digital', 'digital content', 'digital marketing', 'digital technology', 'digital transformation', 'e', 'e-commerce', 'front-end', 'ftp', 'html', 'hybris', 'java', 'javascript', 'jprofiler', 'js', 'less', 'linux', 'modular design', 'performance testing', 'progressive enhancement', 'prototype', 'restful api', 'saas', 'selenium', 'spring integration', 'spring mvc', 'system', 'testing', 'transformation', 'unit testing', 'user experience', 'web analytics', 'web development', 'web services', 'windows']","['collaboration', 'consulting', 'creativity', 'english', 'innovation', 'integration', 'leadership', 'management', 'social media']"
